[ 
    {
        "id": 1,
        "question": "How to generate a class in Angular using CLI?",
        "answer": "ng generate class Test [options]"
    },{
        "id": 2,
        "question": "What is Angular Material?",
        "answer": "It is a UI component library. <br>Angular Material helps in creating attractive, consistent, and fully functional web pages as well as web applications. <br>It does so while following modern web design principles, including browser portability and graceful degradation."
    },{
        "id": 3,
        "question": "What is SPA (Single Page Application) in Angular? Contrast SPA technology with traditional web technology?",
        "answer": "In the SPA technology, only a single page, which is index.HTML, is maintained although the URL keeps on changing. Unlike traditional web technology, SPA technology is faster and easy to develop as well.<br>In conventional web technology, as soon as a client requests a webpage, the server sends the resource. However, when again the client requests for another page, the server responds again with sending the requested resource. The problem with this technology is that it requires a lot of time."
    }
]
